year,rank,title,artist,genre
2020,1,Blinding Lights,The Weeknd,Pop
2020,2,Circles,Post Malone,Pop
2020,3,The Box,Roddy Ricch,Hip-Hop
2020,4,Don't Start Now,Dua Lipa,Pop
2020,5,Rockstar,DaBaby feat. Roddy Ricch,Hip-Hop
2020,6,Adore You,Harry Styles,Pop
2020,7,Life Is Good,Future feat. Drake,Hip-Hop
2020,8,Memories,Maroon 5,Pop
2020,9,The Bones,Maren Morris,Country
2020,10,Someone You Loved,Lewis Capaldi,Pop
2020,11,Say So,Doja Cat,Pop
2020,12,I Hope,Gabby Barrett feat. Charlie Puth,Country
2020,13,Whats Poppin,Jack Harlow feat. DaBaby Tory Lanez and Lil Wayne,Hip-Hop
2020,14,Dance Monkey,Tones and I,Pop
2020,15,Savage,Megan Thee Stallion feat. Beyonce,Hip-Hop
2020,16,Roxanne,Arizona Zervas,Hip-Hop
2020,17,Intentions,Justin Bieber feat. Quavo,Pop
2020,18,Everything I Wanted,Billie Eilish,Pop
2020,19,Roses (Imanbek Remix),Saint Jhn,Hip-Hop
2020,20,Watermelon Sugar,Harry Styles,Pop
2021,1,Levitating,Dua Lipa,Pop
2021,2,Savage Love,Jawsh 685 and Jason Derulo,Pop
2021,3,Blinding Lights,The Weeknd,Pop
2021,4,Good 4 U,Olivia Rodrigo,Pop
2021,5,Leave The Door Open,Silk Sonic,Pop
2021,6,Save Your Tears,The Weeknd,Pop
2021,7,Kiss Me More,Doja Cat feat. SZA,Pop
2021,8,Stay,The Kid LAROI and Justin Bieber,Pop
2021,9,Montero (Call Me By Your Name),Lil Nas X,Hip-Hop
2021,10,Industry Baby,Lil Nas X and Jack Harlow,Hip-Hop
2021,11,Deja Vu,Olivia Rodrigo,Pop
2021,12,Peaches,Justin Bieber feat. Daniel Caesar and Giveon,Pop
2021,13,Bad Habits,Ed Sheeran,Pop
2021,14,Heat Waves,Glass Animals,Pop
2021,15,Therefore I Am,Billie Eilish,Pop
2021,16,Up,Cardi B,Hip-Hop
2021,17,34+35,Ariana Grande,Pop
2021,18,Positions,Ariana Grande,Pop
2021,19,My Ex's Best Friend,Machine Gun Kelly and Blackbear,Rock
2021,20,Wants and Needs,Drake feat. Lil Baby,Hip-Hop
2022,1,Heat Waves,Glass Animals,Pop
2022,2,As It Was,Harry Styles,Pop
2022,3,Stay,The Kid LAROI and Justin Bieber,Pop
2022,4,Easy On Me,Adele,Pop
2022,5,Shivers,Ed Sheeran,Pop
2022,6,First Class,Jack Harlow,Hip-Hop
2022,7,Big Energy,Latto,Hip-Hop
2022,8,About Damn Time,Lizzo,Pop
2022,9,Enemy,Imagine Dragons and JID,Rock
2022,10,Running Up That Hill,Harry Styles,Pop
2022,11,Wait For U,Future feat. Drake and Tems,Hip-Hop
2022,12,Me Porto Bonito,Bad Bunny and Chencho Corleone,Latin
2022,13,Cold Heart,Elton John and Dua Lipa,Pop
2022,14,You Right,Doja Cat and The Weeknd,Pop
2022,15,Super Gremlin,Kodak Black,Hip-Hop
2022,16,Industry Baby,Lil Nas X and Jack Harlow,Hip-Hop
2022,17,About Damn Time,Lizzo,Pop
2022,18,Just Wanna Rock,Lil Uzi Vert,Hip-Hop
2022,19,Something in the Orange,Zach Bryan,Country
2022,20,Thats What I Want,Lil Nas X,Pop
2023,1,Last Night,Morgan Wallen,Country
2023,2,Flowers,Miley Cyrus,Pop
2023,3,Kill Bill,SZA,R&B
2023,4,Anti-Hero,Taylor Swift,Pop
2023,5,Creepin,Metro Boomin The Weeknd and 21 Savage,Hip-Hop
2023,6,Calm Down,Rema and Selena Gomez,Pop
2023,7,Die For You,The Weeknd,Pop
2023,8,Fast Car,Luke Combs,Country
2023,9,Thinkin Bout Me,Morgan Wallen,Country
2023,10,Rich Flex,Drake and 21 Savage,Hip-Hop
2023,11,Favorite Song,Toosii,Hip-Hop
2023,12,Unholy,Sam Smith and Kim Petras,Pop
2023,13,Something in the Orange,Zach Bryan,Country
2023,14,You Proof,Morgan Wallen,Country
2023,15,Escapism, RAYE feat. 070 Shake,Pop
2023,16,Barbie World,Nicki Minaj and Ice Spice,Hip-Hop
2023,17,As It Was,Harry Styles,Pop
2023,18,Cruel Summer,Taylor Swift,Pop
2023,19,Anti-Hero,Taylor Swift,Pop
2023,20,Players,Coi Leray,Hip-Hop
2024,1,I Had Some Help,Post Malone feat. Morgan Wallen,Country
2024,2,A Bar Song (Tipsy),Shaboozey,Country
2024,3,Espresso,Sabrina Carpenter,Pop
2024,4,Beautiful Things,Benson Boone,Pop
2024,5,Lose Control,Teddy Swims,Pop
2024,6,Texas Hold 'Em,Beyonce,Country
2024,7,Too Sweet,Hozier,Rock
2024,8,Greedy,Tate McRae,Pop
2024,9,Stick Season,Noah Kahan,Pop
2024,10,One of the Girls,The Weeknd JENNIE and Lily Rose Depp,Pop
2024,11,Fortnight,Taylor Swift feat. Post Malone,Pop
2024,12,Good Luck Babe,Chappell Roan,Pop
2024,13,Like That,Future Metro Boomin and Kendrick Lamar,Hip-Hop
2024,14,Not Like Us,Kendrick Lamar,Hip-Hop
2024,15,Saturn,SZA,R&B
2024,16,Million Dollar Baby,Tommy Richman,Hip-Hop
2024,17,Lunch,Billie Eilish,Pop
2024,18,Too Sweet,Hozier,Rock
2024,19,Agora Hills,Doja Cat,Hip-Hop
2024,20,Watermelon Moonshine,Lainey Wilson,Country
2025,1,Luther,Kendrick Lamar and SZA,Hip-Hop
2025,2,A Bar Song (Tipsy),Shaboozey,Country
2025,3,Die With A Smile,Lady Gaga and Bruno Mars,Pop
2025,4,APT.,Rosé and Bruno Mars,Pop
2025,5,Beautiful Things,Benson Boone,Pop
2025,6,Birds of a Feather,Billie Eilish,Pop
2025,7,Espresso,Sabrina Carpenter,Pop
2025,8,Good Luck Babe,Chappell Roan,Pop
2025,9,I Had Some Help,Post Malone feat. Morgan Wallen,Country
2025,10,Too Sweet,Hozier,Rock
2025,11,Please Please Please,Sabrina Carpenter,Pop
2025,12,Not Like Us,Kendrick Lamar,Hip-Hop
2025,13,Timeless,The Weeknd feat. Playboi Carti,Hip-Hop
2025,14,Like That,Future Metro Boomin and Kendrick Lamar,Hip-Hop
2025,15,Stargazing,Myles Smith,Pop
2025,16,Million Dollar Baby,Tommy Richman,Hip-Hop
2025,17,Stick Season,Noah Kahan,Pop
2025,18,Saturn,SZA,R&B
2025,19,Too Sweet,Hozier,Rock
2025,20,Watermelon Moonshine,Lainey Wilson,Country